date,forecast,actual
2011-10-11,112033.0,110200.0
2011-10-12,111093.8,111930.0
2011-10-13,110633.8,111550.0
2011-10-14,110864.0,112200.0
2011-10-17,110244.0,109690.0
2011-10-18,109960.0,112600.0
2011-10-19,109958.0,111440.0
2011-10-20,109818.0,113650.0
2011-10-21,109588.0,116329.0
2011-10-24,109852.0,116150.0
2011-10-25,109852.0,113630.0
2011-10-26,108950.0,117100.0
2011-10-27,111060.0,120380.0
2011-10-28,115280.0,120000.0
2011-10-31,119860.2,116950.0
2011-11-01,120380.2,113649.0
2011-11-02,121370.2,116479.0
2011-11-03,121030.2,118300.0
2011-11-04,119885.0,115806.0
2011-11-07,118943.0,115600.0
2011-11-08,118890.0,117200.0
2011-11-09,119140.0,113325.0
2011-11-10,119338.0,114102.0
2011-11-11,116638.2,115461.0
2011-11-14,114797.2,113921.0
2011-11-15,114177.2,114001.0
2011-11-16,114558.2,112212.0
2011-11-17,114797.2,111700.0
2011-11-18,114400.2,112890.0
2011-11-21,113741.0,112200.0
2011-11-22,113852.0,112200.0
2011-11-23,111917.6,110525.0
2011-11-25,110758.6,111300.0
2011-11-28,110371.4,113805.0
2011-11-29,110538.6,113000.0
2011-11-30,110371.4,118500.0
2011-12-01,110371.4,116925.0
2011-12-02,114605.0,116475.0
2011-12-05,114125.0,117500.0
2011-12-06,114890.0,117425.0
2011-12-07,114939.0,118240.0
2011-12-08,115841.0,115750.0
2011-12-09,115871.0,116235.0
2011-12-12,115880.0,114625.0
2011-12-13,115060.0,113700.0
2011-12-14,114608.0,113200.0
2011-12-15,114618.0,112400.0
2011-12-16,114130.0,112325.0
2011-12-19,113520.0,111316.0
2011-12-20,113544.2,114069.0
2011-12-21,114274.2,114425.0
2011-12-22,114463.0,115250.0
2011-12-23,114371.0,116530.0
2011-12-27,114171.0,115962.0
2011-12-28,113454.2,114800.0
2011-12-29,112604.2,115325.0
2011-12-30,112604.2,114755.0
2012-01-03,112285.2,116320.0
2012-01-04,111707.2,115210.0
2012-01-05,111707.2,115650.0
2012-01-06,111431.4,114500.0
2012-01-09,110388.6,114500.0
2012-01-10,113772.0,115900.0
2012-01-11,115940.0,116914.0
2012-01-12,115470.0,117850.0
2012-01-13,115540.0,116520.0
2012-01-17,114888.0,116950.0
2012-01-18,115308.0,118215.0
2012-01-19,116467.8,119360.0
2012-01-20,117517.8,119775.0
2012-01-23,118869.8,118830.0
2012-01-24,119479.8,117574.0
2012-01-25,119080.0,119950.0
2012-01-26,118050.0,119450.0
2012-01-27,118050.0,119211.0
2012-01-30,118050.0,117925.0
2012-01-31,118710.0,117925.0
2012-02-01,119980.0,117800.0
2012-02-02,119880.0,118120.0
2012-02-03,121340.0,119800.0
2012-02-06,121340.0,119840.0
2012-02-07,121340.0,119875.0
2012-02-08,121460.0,119475.0
2012-02-09,121470.0,118855.0
2012-02-10,119910.0,117980.0
2012-02-13,117520.0,119230.0
2012-02-14,117700.0,118475.0
2012-02-15,118180.0,116910.0
2012-02-16,119638.0,118340.0
2012-02-17,118918.0,119190.0
2012-02-21,117680.0,119375.0
2012-02-22,118558.0,118170.0
2012-02-23,119077.8,119000.0
2012-02-24,119595.8,120000.0
2012-02-27,120515.8,120350.0
2012-02-28,121079.0,119265.0
2012-02-29,121079.0,117934.0
2012-03-01,120314.0,118360.0
2012-03-02,120473.8,117434.0
2012-03-05,120473.8,118895.0
2012-03-06,119595.8,117855.0
2012-03-07,119595.8,118005.0
2012-03-08,119595.8,118430.0
2012-03-09,119595.8,119065.0
2012-03-12,119595.8,119235.0
2012-03-13,119595.8,121250.0
2012-03-14,120515.8,121074.0
2012-03-15,121079.0,122000.0
2012-03-16,122161.0,122190.0
2012-03-19,123461.0,122115.0
2012-03-20,124661.0,122189.0
2012-03-21,124661.0,121740.0
2012-03-22,124863.0,121479.0
2012-03-23,125276.0,122170.0
2012-03-26,125246.0,123555.0
2012-03-27,124650.8,122659.0
2012-03-28,123029.8,122775.0
2012-03-29,123119.8,122490.0
2012-03-30,122365.0,121900.0
2012-04-02,123252.2,122693.0
2012-04-03,124518.0,122357.0
2012-04-04,124388.0,121750.0
2012-04-05,124604.0,121295.0
2012-04-09,124642.8,119700.0
2012-04-10,122542.2,118195.0
2012-04-11,121665.0,118725.0
2012-04-12,120319.0,120173.0
2012-04-13,120694.0,118385.0
2012-04-16,120374.0,119525.0
2012-04-17,120416.6,121310.0
2012-04-18,120437.0,119750.0
2012-04-19,120257.0,119050.0
2012-04-20,120037.0,118580.0
2012-04-23,119755.0,118294.0
2012-04-24,117878.0,119700.0
2012-04-25,117878.0,119756.0
2012-04-26,117878.0,120700.0
2012-04-27,117878.0,120925.0
2012-04-30,118738.2,120800.0
2012-05-01,118709.8,122185.0
2012-05-02,119928.8,121775.0
2012-05-03,119890.8,121800.0
2012-05-04,120174.6,121950.0
2012-05-07,120558.0,123676.0
2012-05-08,121319.0,123744.0
2012-05-09,122457.0,122560.0
2012-05-10,121622.2,122950.0
2012-05-11,122130.0,122795.0
2012-05-14,122422.2,121675.0
2012-05-15,123881.2,121425.0
2012-05-16,123703.2,121800.0
2012-05-17,124388.0,120850.0
2012-05-18,124624.0,119850.0
2012-05-21,123775.0,120220.0
2012-05-22,122147.0,120550.0
2012-05-23,121047.0,120455.0
2012-05-24,119927.0,120217.0
2012-05-25,119869.2,119500.0
2012-05-29,119926.2,120133.0
2012-05-30,120156.6,119250.0
2012-05-31,119876.6,118850.0
2012-06-01,119875.0,119845.0
2012-06-04,120095.0,119183.0
2012-06-05,120209.6,118905.0
2012-06-06,118584.6,120741.0
2012-06-07,118681.6,121175.0
2012-06-08,119087.0,122000.0
2012-06-11,119456.2,120715.0
2012-06-12,119296.2,121740.0
2012-06-13,120107.8,120855.0
2012-06-14,119652.6,122600.0
2012-06-15,119981.0,123375.0
2012-06-18,120551.0,123276.0
2012-06-19,121083.0,124440.0
2012-06-20,120967.2,123750.0
2012-06-21,121575.0,121744.0
2012-06-22,122720.2,122670.0
2012-06-25,123252.2,120700.0
2012-06-26,124518.0,122129.0
2012-06-27,124616.0,122950.0
2012-06-28,124790.0,123435.0
2012-06-29,125285.4,124945.0
2012-07-02,125196.2,125495.0
2012-07-03,125508.4,125500.0
2012-07-05,126303.4,124810.0
2012-07-06,126288.0,123898.0
2012-07-09,126802.0,124901.0
2012-07-10,126770.0,124985.0
2012-07-11,127054.4,125936.0
2012-07-12,126740.4,125321.0
2012-07-13,126967.0,126625.0
2012-07-16,126690.0,125937.0
2012-07-17,126094.4,127655.0
2012-07-18,126006.6,127389.0
2012-07-19,126491.0,126995.0
2012-07-20,126933.0,125730.0
2012-07-23,127011.0,125458.0
2012-07-24,126646.2,125470.0
2012-07-25,125260.4,126000.0
2012-07-26,126613.2,127150.0
2012-07-27,126472.6,127735.0
2012-07-30,126202.0,127950.0
2012-07-31,127865.6,127445.0
2012-08-01,128863.0,127400.0
2012-08-02,128893.0,126290.0
2012-08-03,129176.6,128479.0
2012-08-06,128975.4,127789.0
2012-08-07,128266.4,127020.0
2012-08-08,128863.4,127000.0
2012-08-09,126952.8,126800.0
2012-08-10,126664.0,127175.0
2012-08-13,125827.6,127380.0
2012-08-14,126042.4,127375.0
2012-08-15,125672.8,127007.0
2012-08-16,125458.0,127655.0
2012-08-17,125458.0,128880.0
2012-08-20,127045.6,128600.0
2012-08-21,127322.4,128000.0
2012-08-22,126042.4,128605.0
2012-08-23,126998.8,127800.0
2012-08-24,126140.0,128225.0
2012-08-27,127128.2,128198.0
2012-08-28,125194.8,127502.0
2012-08-29,125458.0,126800.0
2012-08-30,124725.0,126183.0
2012-08-31,124065.0,126560.0
2012-09-04,124340.2,126279.0
2012-09-05,124340.2,127770.0
2012-09-06,125729.6,129597.0
2012-09-07,127593.4,129942.0
2012-09-10,127364.2,129700.0
2012-09-11,127283.2,130170.0
2012-09-12,127472.4,130150.0
2012-09-13,126982.4,132851.0
2012-09-14,127223.4,133000.0
2012-09-17,127633.4,132685.0
2012-09-18,126952.8,132898.0
2012-09-19,126952.8,133300.0
2012-09-20,128433.0,133816.0
2012-09-21,133675.0,134584.0
2012-09-24,135755.0,133034.0
2012-09-25,135515.0,132485.0
2012-09-26,135515.0,132490.0
2012-09-27,135515.0,132408.0
2012-09-28,135540.0,132700.0
2012-10-01,135736.0,133000.0
2012-10-02,135736.0,133227.0
2012-10-03,135976.0,134065.0
2012-10-04,135976.0,135281.0
2012-10-05,137016.0,135555.0
2012-10-08,137016.0,135400.0
2012-10-09,138216.0,133880.0
2012-10-10,138216.0,133066.0
2012-10-11,138216.0,133013.0
2012-10-12,138216.0,132502.0
2012-10-15,138216.0,133605.0
2012-10-16,139536.0,134850.0
2012-10-17,139536.0,135766.0
2012-10-18,140980.0,135400.0
2012-10-19,140980.0,133841.0
2012-10-22,140980.0,132609.0
2012-10-23,139316.0,130570.0
2012-10-24,128683.0,130445.0
2012-10-25,128683.0,130582.0
2012-10-26,128403.0,129725.0
2012-10-31,127948.0,129505.0
2012-11-01,127948.0,131400.0
2012-11-02,127590.0,130550.0
2012-11-05,127590.0,130300.0
2012-11-06,127525.0,130673.0
2012-11-07,127867.0,128359.0
2012-11-08,130112.0,126900.0
2012-11-09,129580.0,127585.0
2012-11-12,129580.0,128160.0
2012-11-13,129632.0,128925.0
2012-11-14,130630.0,128150.0
2012-11-15,129477.0,128178.0
2012-11-16,130907.0,129345.0
2012-11-19,132252.0,130000.0
2012-11-20,132360.0,130203.0
2012-11-21,132070.0,131310.0
2012-11-23,131220.0,132606.0
2012-11-26,131220.0,132411.0
2012-11-27,130240.0,132004.0
2012-11-28,128560.0,132291.0
2012-11-29,128280.0,131875.0
2012-11-30,128135.0,131916.0
2012-12-03,126975.0,131890.0
2012-12-04,126828.0,130890.0
2012-12-05,126760.0,131444.0
2012-12-06,126760.0,131240.0
2012-12-07,126400.0,131090.0
2012-12-10,127948.0,130788.0
2012-12-11,127948.0,130831.0
2012-12-12,127948.0,134000.0
2012-12-13,127948.0,134200.0
2012-12-14,127590.0,133795.0
2012-12-17,127590.0,134850.0
2012-12-18,129190.0,135700.0
2012-12-19,137016.0,135200.0
2012-12-20,135976.0,135936.0
2012-12-21,137016.0,134800.0
2012-12-24,137016.0,134660.0
2012-12-26,137016.0,133927.0
2012-12-27,137016.0,133900.0
2012-12-28,137016.0,133000.0
2012-12-31,137016.0,134060.0
2013-01-02,138216.0,139610.0
2013-01-03,139536.0,140549.0
2013-01-04,140980.0,140803.0
2013-01-07,142940.0,140190.0
2013-01-08,142940.0,141000.0
2013-01-09,144420.0,140000.0
2013-01-10,145398.0,141768.0
2013-01-11,145398.0,141525.0
2013-01-14,145683.0,143000.0
2013-01-15,144063.0,143205.0
2013-01-16,143525.0,142964.0
2013-01-17,143280.0,143484.0
2013-01-18,142500.0,143502.0
2013-01-22,141110.0,144805.0
2013-01-23,140410.0,145568.0
2013-01-24,139660.0,146227.0
2013-01-25,140460.0,147290.0
2013-01-28,140460.0,146720.0
2013-01-29,140460.0,146495.0
2013-01-30,140240.0,145505.0
2013-01-31,140240.0,145875.0
2013-02-01,138340.0,147086.0
2013-02-04,138340.0,145010.0
2013-02-05,137160.0,146825.0
2013-02-06,137160.0,146735.0
2013-02-07,135360.0,146260.0
2013-02-08,136700.0,146374.0
2013-02-11,137620.0,145835.0
2013-02-12,136381.0,147125.0
2013-02-13,136381.0,147750.0
2013-02-14,136381.0,149240.0
2013-02-15,135361.0,150141.0
2013-02-19,136941.0,152498.0
2013-02-20,137780.0,151000.0
2013-02-21,137780.0,150500.0
2013-02-22,136660.0,152009.0
2013-02-25,136660.0,149900.0
2013-02-26,136020.0,148320.0
2013-02-27,136360.0,151916.0
2013-02-28,136160.0,152600.0
2013-03-01,136680.0,152750.0
2013-03-04,136700.0,152955.0
2013-03-05,136520.0,154425.0
2013-03-06,136381.0,155095.0
2013-03-07,136161.0,155210.0
2013-03-08,136161.0,155411.0
2013-03-11,136021.0,155978.0
2013-03-12,136021.0,154346.0
2013-03-13,136360.0,155431.0
2013-03-14,135460.0,155990.0
2013-03-15,135460.0,153500.0
2013-03-18,136280.0,153241.0
2013-03-19,135160.0,152571.0
2013-03-20,134980.0,153397.0
2013-03-21,134980.0,153000.0
2013-03-22,135820.0,153741.0
2013-03-25,137780.0,153784.0
2013-03-26,137540.0,155708.0
2013-03-27,139420.0,154630.0
2013-03-28,137940.0,156280.0
2013-04-01,137940.0,155253.0
2013-04-02,137940.0,157550.0
2013-04-03,136357.0,156400.0
2013-04-04,136357.0,157557.0
2013-04-05,136357.0,156330.0
2013-04-08,134577.0,158000.0
2013-04-09,134577.0,157570.0
2013-04-10,134577.0,159400.0
2013-04-11,134577.0,159935.0
2013-04-12,134577.0,160525.0
2013-04-15,134577.0,157000.0
2013-04-16,134577.0,161000.0
2013-04-17,135597.0,157700.0
2013-04-18,136720.0,154526.0
2013-04-19,135597.0,157861.0
2013-04-22,136720.0,157342.0
2013-04-23,136720.0,159980.0
2013-04-24,136720.0,159950.0
2013-04-25,137940.0,161025.0
2013-04-26,137940.0,160618.0
2013-04-29,137940.0,159700.0
2013-04-30,137940.0,159000.0
2013-05-01,136357.0,159699.0
2013-05-02,136357.0,160857.0
2013-05-03,136357.0,162904.0
2013-05-06,136357.0,164990.0
2013-05-07,136357.0,164690.0
2013-05-08,136357.0,166273.0
2013-05-09,136357.0,166100.0
2013-05-10,136357.0,167780.0
2013-05-13,136357.0,167380.0
2013-05-14,136357.0,169267.0
2013-05-15,136357.0,168940.0
2013-05-16,136357.0,167303.0
2013-05-17,135577.0,169400.0
2013-05-20,135577.0,169200.0
2013-05-21,135740.0,169189.0
2013-05-22,135740.0,167600.0
2013-05-23,136280.0,166980.0
2013-05-24,136860.0,166020.0
2013-05-28,136580.0,168400.0
2013-05-29,136580.0,169402.0
2013-05-30,137940.0,172200.0
2013-05-31,137940.0,171300.0
2013-06-03,137940.0,170911.0
2013-06-04,137940.0,169850.0
2013-06-05,137940.0,167400.0
2013-06-06,136357.0,169877.0
2013-06-07,136357.0,172900.0
2013-06-10,136357.0,172875.0
2013-06-11,136357.0,170150.0
2013-06-12,134577.0,169195.0
2013-06-13,134577.0,172604.0
2013-06-14,134577.0,171259.0
2013-06-17,134577.0,172710.0
2013-06-18,134577.0,172581.0
2013-06-19,134577.0,170952.0
2013-06-20,134577.0,167900.0
2013-06-21,134577.0,168200.0
2013-06-24,134577.0,166439.0
2013-06-25,134577.0,168314.0
2013-06-26,134577.0,169360.0
2013-06-27,134577.0,169326.0
2013-06-28,134577.0,168600.0
2013-07-01,134577.0,169622.0
2013-07-02,136357.0,168799.0
2013-07-03,136357.0,168976.0
2013-07-05,136357.0,172201.0
2013-07-08,134577.0,172500.0
2013-07-09,134577.0,173741.0
2013-07-10,134577.0,172605.0
2013-07-11,134577.0,175644.0
2013-07-12,134577.0,175505.0
2013-07-15,134577.0,175877.0
2013-07-16,134577.0,175849.0
2013-07-17,134577.0,176341.0
2013-07-18,134577.0,177678.0
2013-07-19,134577.0,178275.0
2013-07-22,134577.0,178223.0
2013-07-23,134577.0,177249.0
2013-07-24,134577.0,174581.0
2013-07-25,134577.0,175441.0
2013-07-26,136357.0,175926.0
2013-07-29,136357.0,174505.0
2013-07-30,136357.0,173566.0
2013-07-31,136357.0,173900.0
2013-08-01,136357.0,175700.0
2013-08-02,136357.0,176500.0
2013-08-05,137940.0,177300.0
2013-08-06,137940.0,176855.0
2013-08-07,136357.0,175200.0
2013-08-08,136357.0,176551.0
2013-08-09,136357.0,175100.0
2013-08-12,136357.0,175748.0
2013-08-13,134577.0,175725.0
2013-08-14,134577.0,174755.0
2013-08-15,134577.0,172799.0
2013-08-16,134577.0,173122.0
2013-08-19,134577.0,171501.0
2013-08-20,134577.0,173000.0
2013-08-21,134577.0,170800.0
2013-08-22,134577.0,172206.0
2013-08-23,134577.0,171320.0
2013-08-26,134577.0,171000.0
2013-08-27,134577.0,167350.0
2013-08-28,134577.0,168585.0
2013-08-29,134577.0,168050.0
2013-08-30,134577.0,167050.0
2013-09-03,134577.0,167993.0
2013-09-04,134577.0,168259.0
2013-09-05,134577.0,168240.0
2013-09-06,134577.0,167565.0
2013-09-09,133497.0,168880.0
2013-09-10,133497.0,170489.0
2013-09-11,133497.0,171340.0
2013-09-12,133497.0,170000.0
2013-09-13,133497.0,170155.0
2013-09-16,133497.0,172500.0
2013-09-17,133497.0,173299.0
2013-09-18,133497.0,175005.0
2013-09-19,133497.0,175825.0
2013-09-20,133497.0,175000.0
2013-09-23,134577.0,173539.0
2013-09-24,134577.0,172500.0
2013-09-25,134577.0,173368.0
2013-09-26,134577.0,173600.0
2013-09-27,134577.0,172210.0
2013-09-30,134577.0,170410.0
2013-10-01,134577.0,171028.0
2013-10-02,134577.0,171500.0
2013-10-03,136357.0,169995.0
2013-10-04,136357.0,170743.0
2013-10-07,136357.0,169455.0
2013-10-08,136357.0,167452.0
2013-10-09,136357.0,168205.0
2013-10-10,136357.0,172485.0
2013-10-11,136357.0,173605.0
2013-10-14,136357.0,174200.0
2013-10-15,136357.0,171920.0
2013-10-16,136357.0,174872.0
2013-10-17,134577.0,175286.0
2013-10-18,134577.0,175400.0
2013-10-21,134577.0,175120.0
2013-10-22,134577.0,176140.0
2013-10-23,134577.0,174600.0
2013-10-24,134577.0,175021.0
2013-10-25,133497.0,175435.0
2013-10-28,133497.0,175400.0
2013-10-29,134577.0,175991.0
2013-10-30,134577.0,174340.0
2013-10-31,134577.0,172994.0
2013-11-01,134577.0,173122.0
2013-11-04,134577.0,172089.0
2013-11-05,136357.0,171754.0
2013-11-06,136357.0,172220.0
2013-11-07,136357.0,171090.0
2013-11-08,136357.0,173201.0
2013-11-11,136357.0,173485.0
2013-11-12,136357.0,171211.0
2013-11-13,136357.0,172150.0
2013-11-14,136357.0,173320.0
2013-11-15,134577.0,174300.0
2013-11-18,134577.0,173810.0
2013-11-19,134577.0,173760.0
2013-11-20,134577.0,172480.0
2013-11-21,134577.0,174621.0
2013-11-22,134577.0,174850.0
2013-11-25,134577.0,173311.0
2013-11-26,134577.0,174840.0
2013-11-27,134577.0,174625.0
2013-11-29,134577.0,174750.0
2013-12-02,134577.0,172940.0
2013-12-03,134577.0,172131.0
2013-12-04,134577.0,173500.0
2013-12-05,134577.0,173000.0
2013-12-06,134577.0,174940.0
2013-12-09,134577.0,175700.0
2013-12-10,134577.0,173470.0
2013-12-11,134577.0,171630.0
2013-12-12,134577.0,171500.0
2013-12-13,134577.0,171100.0
2013-12-16,134577.0,171139.0
2013-12-17,134577.0,170420.0
2013-12-18,134577.0,174250.0
2013-12-19,134577.0,174649.0
2013-12-20,134577.0,175600.0
2013-12-23,134577.0,175898.0
2013-12-24,134577.0,176010.0
2013-12-26,134577.0,176900.0
2013-12-27,134577.0,177160.0
2013-12-30,134577.0,177069.0
2013-12-31,134577.0,177900.0
2014-01-02,134577.0,176320.0
2014-01-03,134577.0,176336.0
2014-01-06,134577.0,174500.0
2014-01-07,134577.0,174195.0
2014-01-08,134577.0,173284.0
2014-01-09,134577.0,172965.0
2014-01-10,134577.0,172540.0
2014-01-13,134577.0,170893.0
2014-01-14,134577.0,172250.0
2014-01-15,136357.0,173665.0
2014-01-16,136357.0,172773.0
2014-01-17,136357.0,172350.0
2014-01-21,136357.0,172500.0
2014-01-22,136357.0,172895.0
2014-01-23,136357.0,170310.0
2014-01-24,134577.0,168500.0
2014-01-27,134577.0,168210.0
2014-01-28,134577.0,169212.0
2014-01-29,134577.0,168748.0
2014-01-30,133497.0,170450.0
2014-01-31,133497.0,169511.0
2014-02-03,133497.0,165265.0
2014-02-04,133497.0,164817.0
2014-02-05,133497.0,164075.0
2014-02-06,133497.0,166000.0
2014-02-07,133497.0,169010.0
2014-02-10,133497.0,169120.0
2014-02-11,133497.0,170515.0
2014-02-12,134577.0,170140.0
2014-02-13,134577.0,172222.0
2014-02-14,134577.0,172425.0
2014-02-18,134577.0,172292.0
2014-02-19,134577.0,170080.0
2014-02-20,134577.0,169844.0
2014-02-21,133497.0,170120.0
2014-02-24,133497.0,170006.0
2014-02-25,133497.0,170721.0
2014-02-26,133497.0,170473.0
2014-02-27,133497.0,171730.0
2014-02-28,133497.0,173708.0
2014-03-03,134577.0,174500.0
2014-03-04,135700.0,177989.0
2014-03-05,136357.0,178655.0
2014-03-06,136357.0,182175.0
2014-03-07,136357.0,183772.0
2014-03-10,136357.0,186400.0
2014-03-11,136357.0,187101.0
2014-03-12,136357.0,187750.0
2014-03-13,136357.0,185750.0
2014-03-14,136357.0,183860.0
2014-03-17,135577.0,185050.0
2014-03-18,134937.0,184860.0
2014-03-19,135100.0,183860.0
2014-03-20,135160.0,186540.0
2014-03-21,135160.0,187850.0
2014-03-24,135160.0,186520.0
2014-03-25,135740.0,186587.0
2014-03-26,137340.0,184540.0
2014-03-27,138760.0,185200.0
2014-03-28,139420.0,185149.0
2014-03-31,137940.0,187350.0
2014-04-01,137940.0,187213.0
2014-04-02,137940.0,186759.0
2014-04-03,136357.0,186287.0
2014-04-04,136357.0,185753.0
2014-04-07,136357.0,184700.0
2014-04-08,136357.0,184640.0
2014-04-09,134577.0,185897.0
2014-04-10,134577.0,183402.0
2014-04-11,134577.0,182759.0
2014-04-14,134577.0,183212.0
2014-04-15,134577.0,185640.0
2014-04-16,134577.0,188900.0
2014-04-17,134577.0,190639.0
2014-04-21,134577.0,189482.0
2014-04-22,134577.0,190720.0
2014-04-23,134577.0,190800.0
2014-04-24,134577.0,190500.0
2014-04-25,134577.0,190686.0
2014-04-28,134577.0,191400.0
2014-04-29,134577.0,192545.0
2014-04-30,134577.0,193275.0
2014-05-01,134577.0,193482.0
2014-05-02,134577.0,192255.0
2014-05-05,134577.0,189790.0
2014-05-06,134577.0,187375.0
2014-05-07,134577.0,191550.0
2014-05-08,134577.0,190100.0
2014-05-09,134577.0,190883.0
2014-05-12,136357.0,191115.0
2014-05-13,136357.0,191826.0
2014-05-14,136357.0,191420.0
2014-05-15,136357.0,189371.0
2014-05-16,136357.0,190210.0
2014-05-19,136357.0,190400.0
2014-05-20,136357.0,189201.0
2014-05-21,134577.0,189975.0
2014-05-22,134577.0,190535.0
2014-05-23,134577.0,190205.0
2014-05-27,134577.0,191300.0
2014-05-28,134577.0,191356.0
2014-05-29,134577.0,192300.0
2014-05-30,134577.0,192000.0
2014-06-02,134577.0,191748.0
2014-06-03,134577.0,190417.0
2014-06-04,134577.0,190766.0
2014-06-05,134577.0,192100.0
2014-06-06,134577.0,192895.0
2014-06-09,134577.0,191917.0
2014-06-10,134577.0,192306.0
2014-06-11,134577.0,192357.0
2014-06-12,134577.0,190950.0
2014-06-13,134577.0,189520.0
2014-06-16,134577.0,189250.0
2014-06-17,134577.0,188990.0
2014-06-18,134577.0,190675.0
2014-06-19,134577.0,190491.0
2014-06-20,134577.0,190500.0
2014-06-23,134577.0,189900.0
2014-06-24,134577.0,190171.0
2014-06-25,134577.0,190660.0
2014-06-26,134577.0,190576.0
2014-06-27,134577.0,190559.0
2014-06-30,134577.0,189900.0
2014-07-01,134577.0,190500.0
2014-07-02,134577.0,191499.0
2014-07-03,134577.0,193600.0
2014-07-07,134577.0,193000.0
2014-07-08,134577.0,192400.0
2014-07-09,134577.0,193040.0
2014-07-10,134577.0,192500.0
2014-07-11,134577.0,192900.0
2014-07-14,134577.0,193380.0
2014-07-15,134577.0,192776.0
2014-07-16,134577.0,192072.0
2014-07-17,134577.0,189811.0
2014-07-18,134577.0,192487.0
2014-07-21,134577.0,193030.0
2014-07-22,134577.0,192640.0
2014-07-23,134577.0,192205.0
2014-07-24,134577.0,192441.0
2014-07-25,134577.0,191224.0
2014-07-28,134577.0,192580.0
2014-07-29,134577.0,191158.0
2014-07-30,134577.0,191716.0
2014-07-31,134577.0,188124.0
2014-08-01,134577.0,189279.0
2014-08-04,134577.0,194305.0
2014-08-05,134577.0,192499.0
2014-08-06,134577.0,193700.0
2014-08-07,134577.0,194001.0
2014-08-08,134577.0,196253.0
2014-08-11,134577.0,198000.0
2014-08-12,134577.0,199562.0
2014-08-13,134577.0,199609.0
2014-08-14,134577.0,202850.0
2014-08-15,134577.0,201227.0
2014-08-18,134577.0,202419.0
2014-08-19,134577.0,202600.0
2014-08-20,134577.0,202388.0
2014-08-21,134577.0,205159.0
2014-08-22,134577.0,203532.0
2014-08-25,134577.0,204579.0
2014-08-26,134577.0,204577.0
2014-08-27,134577.0,204741.0
2014-08-28,136357.0,204040.0
2014-08-29,136357.0,205880.0
2014-09-02,136357.0,206740.0
2014-09-03,136357.0,206438.0
2014-09-04,136357.0,206820.0
2014-09-05,136357.0,206700.0
2014-09-08,136357.0,207200.0
2014-09-09,136357.0,205305.0
2014-09-10,136357.0,206750.0
2014-09-11,136357.0,206850.0
2014-09-12,136357.0,205635.0
2014-09-15,136357.0,207110.0
2014-09-16,136357.0,207745.0
2014-09-17,136357.0,209000.0
2014-09-18,134577.0,212075.0
2014-09-19,136357.0,212000.0
2014-09-22,136357.0,208900.0
2014-09-23,134577.0,208445.0
2014-09-24,134577.0,209850.0
2014-09-25,134577.0,206000.0
2014-09-26,134577.0,208133.0
2014-09-29,134577.0,207321.0
2014-09-30,134577.0,206900.0
2014-10-01,134577.0,204855.0
2014-10-02,134577.0,206250.0
2014-10-03,134577.0,208750.0
2014-10-06,134577.0,208585.0
2014-10-07,134577.0,205035.0
2014-10-08,134577.0,209950.0
2014-10-09,134577.0,205850.0
2014-10-10,134577.0,205150.0
2014-10-13,134577.0,204913.0
2014-10-14,134577.0,206025.0
2014-10-15,134577.0,203800.0
2014-10-16,134577.0,202000.0
2014-10-17,134577.0,205505.0
2014-10-20,134577.0,205850.0
2014-10-21,134577.0,208330.0
2014-10-22,134577.0,206525.0
2014-10-23,134577.0,208109.0
2014-10-24,134577.0,209251.0
2014-10-27,134577.0,209222.0
2014-10-28,134577.0,210570.0
2014-10-29,134577.0,209600.0
2014-10-30,134577.0,209030.0
2014-10-31,134577.0,210000.0
2014-11-03,134577.0,211100.0
2014-11-04,134577.0,213000.0
2014-11-05,134577.0,214155.0
2014-11-06,134577.0,214800.0
2014-11-07,134577.0,214970.0
2014-11-10,134577.0,217500.0
2014-11-11,134577.0,217352.0
2014-11-12,134577.0,218101.0
2014-11-13,134577.0,219300.0
2014-11-14,136357.0,218023.0
2014-11-17,136357.0,218540.0
2014-11-18,136357.0,218868.0
2014-11-19,134577.0,218544.0
2014-11-20,134577.0,218250.0
2014-11-21,134577.0,219935.0
2014-11-24,136357.0,221052.0
2014-11-25,136357.0,221725.0
2014-11-26,136357.0,222411.0
2014-11-28,136357.0,223065.0
2014-12-01,136357.0,222525.0
2014-12-02,136357.0,225000.0
2014-12-03,136357.0,224485.0
2014-12-04,136357.0,225215.0
2014-12-05,136357.0,225640.0
2014-12-08,136357.0,227800.0
2014-12-09,136357.0,225334.0
2014-12-10,134577.0,223650.0
2014-12-11,134577.0,224800.0
2014-12-12,134577.0,219000.0
2014-12-15,134577.0,219073.0
2014-12-16,134577.0,218460.0
2014-12-17,134577.0,222800.0
2014-12-18,134577.0,229300.0
2014-12-19,134577.0,227886.0
2014-12-22,136357.0,227720.0
2014-12-23,136357.0,227630.0
2014-12-24,136357.0,226515.0
2014-12-26,136357.0,226500.0
2014-12-29,136357.0,228165.0
2014-12-30,134577.0,228255.0
2014-12-31,134577.0,226000.0
2015-01-02,134577.0,223600.0
2015-01-05,134577.0,220980.0
2015-01-06,134577.0,220450.0
2015-01-07,134577.0,223480.0
2015-01-08,134577.0,226680.0
2015-01-09,134577.0,224675.0
2015-01-12,134577.0,222424.0
2015-01-13,134577.0,223000.0
2015-01-14,134577.0,221878.0
2015-01-15,134577.0,221510.0
2015-01-16,134577.0,223615.0
2015-01-20,134577.0,222636.0
2015-01-21,134577.0,220895.0
2015-01-22,134577.0,224915.0
2015-01-23,134577.0,223751.0
2015-01-26,134577.0,224184.0
2015-01-27,134577.0,221511.0
2015-01-28,134577.0,217160.0
2015-01-29,134577.0,219998.0
2015-01-30,134577.0,215865.0
2015-02-02,134577.0,220100.0
2015-02-03,134577.0,222183.0
2015-02-04,134577.0,221027.0
2015-02-05,134577.0,224560.0
2015-02-06,134577.0,224880.0
2015-02-09,134577.0,224000.0
2015-02-10,134577.0,225140.0
2015-02-11,134577.0,224393.0
2015-02-12,134577.0,224460.0
2015-02-13,134577.0,222555.0
2015-02-17,134577.0,223300.0
2015-02-18,134577.0,222800.0
2015-02-19,134577.0,221495.0
2015-02-20,134577.0,223100.0
2015-02-23,134577.0,221000.0
2015-02-24,134577.0,223405.0
2015-02-25,134577.0,222855.0
2015-02-26,134577.0,222250.0
2015-02-27,134577.0,221180.0
2015-03-02,134577.0,220365.0
2015-03-03,134577.0,219000.0
2015-03-04,134577.0,217612.0
2015-03-05,134577.0,219500.0
2015-03-06,134577.0,218811.0
2015-03-09,134577.0,220500.0
2015-03-10,134577.0,217400.0
2015-03-11,134577.0,217500.0
2015-03-12,134577.0,219898.0
2015-03-13,134577.0,217118.0
2015-03-16,134577.0,219502.0
2015-03-17,134577.0,218600.0
2015-03-18,134577.0,219699.0
2015-03-19,134577.0,218000.0
2015-03-20,134577.0,218300.0
2015-03-23,134577.0,218646.0
2015-03-24,134577.0,217005.0
2015-03-25,134577.0,217000.0
2015-03-26,134577.0,216240.0
2015-03-27,134577.0,217000.0
2015-03-30,134577.0,219700.0
2015-03-31,134577.0,217500.0
2015-04-01,134577.0,216300.0
2015-04-02,134577.0,216500.0
2015-04-06,134577.0,216275.0
2015-04-07,134577.0,215500.0
2015-04-08,134577.0,214828.0
2015-04-09,134577.0,215523.0
2015-04-10,134577.0,215211.0
2015-04-13,134577.0,215950.0
2015-04-14,134577.0,214420.0
2015-04-15,134577.0,214675.0
2015-04-16,134577.0,214350.0
2015-04-17,134577.0,212982.0
2015-04-20,134577.0,214100.0
2015-04-21,134577.0,213440.0
2015-04-22,134577.0,214789.0
2015-04-23,134577.0,214740.0
2015-04-24,134577.0,214490.0
2015-04-27,134577.0,212585.0
2015-04-28,134577.0,215150.0
2015-04-29,134577.0,214400.0
2015-04-30,134577.0,213400.0
2015-05-01,134577.0,215800.0
2015-05-04,134577.0,219290.0
2015-05-05,134577.0,218000.0
2015-05-06,134577.0,216620.0
2015-05-07,134577.0,218720.0
2015-05-08,134577.0,222880.0
2015-05-11,134577.0,219550.0
2015-05-12,134577.0,217800.0
2015-05-13,134577.0,217200.0
2015-05-14,134577.0,219270.0
2015-05-15,134577.0,218640.0
2015-05-18,134577.0,219125.0
2015-05-19,134577.0,220400.0
2015-05-20,134577.0,219526.0
2015-05-21,134577.0,218280.0
2015-05-22,134577.0,217000.0
2015-05-26,134577.0,215700.0
2015-05-27,134577.0,217440.0
2015-05-28,134577.0,217580.0
2015-05-29,134577.0,214800.0
2015-06-01,134577.0,215400.0
2015-06-02,134577.0,214820.0
2015-06-03,134577.0,214600.0
2015-06-04,134577.0,212585.0
2015-06-05,134577.0,211560.0
2015-06-08,134577.0,210000.0
2015-06-09,134577.0,209700.0
2015-06-10,134577.0,211400.0
2015-06-11,134577.0,211940.0
2015-06-12,134577.0,210760.0
2015-06-15,134577.0,209300.0
2015-06-16,134577.0,209760.0
2015-06-17,134577.0,210150.0
2015-06-18,134577.0,214050.0
2015-06-19,134577.0,212200.0
2015-06-22,134577.0,212580.0
2015-06-23,134577.0,211900.0
2015-06-24,134577.0,210500.0
2015-06-25,134577.0,209600.0
2015-06-26,134577.0,209900.0
2015-06-29,133497.0,205000.0
2015-06-30,133497.0,204850.0
2015-07-01,133497.0,206365.0
2015-07-02,133497.0,205923.0
2015-07-06,133497.0,205500.0
2015-07-07,134577.0,208150.0
2015-07-08,134577.0,206186.0
2015-07-09,134577.0,207740.0
2015-07-10,134577.0,209800.0
2015-07-13,134577.0,211720.0
2015-07-14,134577.0,211767.0
2015-07-15,134577.0,213800.0
2015-07-16,134577.0,215950.0
2015-07-17,134577.0,215960.0
2015-07-20,134577.0,216480.0
2015-07-21,134577.0,215796.0
2015-07-22,134577.0,215380.0
2015-07-23,134577.0,213520.0
2015-07-24,134577.0,212032.0
2015-07-27,134577.0,210725.0
2015-07-28,134577.0,215091.0
2015-07-29,134577.0,214320.0
2015-07-30,134577.0,214745.0
2015-07-31,134577.0,214000.0
2015-08-03,136357.0,213500.0
2015-08-04,136357.0,214150.0
2015-08-05,136357.0,215201.0
2015-08-06,136357.0,215650.0
2015-08-07,136357.0,215463.0
2015-08-10,136357.0,215300.0
2015-08-11,136357.0,214500.0
2015-08-12,134577.0,213000.0
2015-08-13,134577.0,213185.0
2015-08-14,134577.0,213981.0
2015-08-17,134577.0,213300.0
2015-08-18,134577.0,212100.0
2015-08-19,134577.0,210660.0
2015-08-20,134577.0,207862.0
2015-08-21,134577.0,202500.0
2015-08-24,134577.0,196005.0
2015-08-25,134577.0,194200.0
2015-08-26,134577.0,200500.0
2015-08-27,134577.0,204940.0
2015-08-28,134577.0,205344.0
2015-08-31,134577.0,202531.0
2015-09-01,134577.0,198144.0
2015-09-02,134577.0,199360.0
2015-09-03,134577.0,199665.0
2015-09-04,134577.0,196501.0
2015-09-08,134577.0,200600.0
2015-09-09,134577.0,196875.0
2015-09-10,133497.0,197639.0
2015-09-11,133497.0,198329.0
2015-09-14,133497.0,197598.0
2015-09-15,132817.0,199305.0
2015-09-16,132817.0,199415.0
2015-09-17,132817.0,198100.0
2015-09-18,132817.0,192200.0
2015-09-21,132817.0,197022.0
2015-09-22,133497.0,195386.0
2015-09-23,133497.0,194479.0
2015-09-24,133497.0,193800.0
2015-09-25,133497.0,194620.0
2015-09-28,133497.0,193305.0
2015-09-29,133497.0,193621.0
2015-09-30,134577.0,195240.0
2015-10-01,134577.0,195739.0
2015-10-02,134577.0,195500.0
2015-10-05,134577.0,198561.0
2015-10-06,134577.0,196720.0
2015-10-07,134577.0,199000.0
2015-10-08,134577.0,200616.0
2015-10-09,134577.0,199650.0
2015-10-12,134577.0,200000.0
2015-10-13,134577.0,198578.0
2015-10-14,134577.0,196899.0
2015-10-15,134577.0,200499.0
2015-10-16,134577.0,200469.0
2015-10-19,134577.0,200695.0
2015-10-20,134577.0,201480.0
2015-10-21,134577.0,199900.0
2015-10-22,134577.0,206020.0
2015-10-23,134577.0,206584.0
2015-10-26,136357.0,205380.0
2015-10-27,136357.0,203280.0
2015-10-28,136357.0,206940.0
2015-10-29,136357.0,206817.0
2015-10-30,136357.0,204596.0
2015-11-02,136357.0,207745.0
2015-11-03,134577.0,206704.0
2015-11-04,134577.0,206120.0
2015-11-05,134577.0,204694.0
2015-11-06,134577.0,203100.0
2015-11-09,134577.0,201000.0
2015-11-10,134577.0,201754.0
2015-11-11,134577.0,202355.0
2015-11-12,136357.0,199371.0
2015-11-13,136357.0,197825.0
2015-11-16,134577.0,199800.0
2015-11-17,136357.0,200045.0
2015-11-18,136357.0,204280.0
2015-11-19,136357.0,204901.0
2015-11-20,136357.0,204600.0
2015-11-23,136357.0,203779.0
2015-11-24,134577.0,203360.0
2015-11-25,134577.0,202285.0
2015-11-27,134577.0,201624.0
2015-11-30,134577.0,201360.0
2015-12-01,134577.0,204945.0
2015-12-02,134577.0,202930.0
2015-12-03,133497.0,198801.0
2015-12-04,133497.0,204500.0
2015-12-07,133497.0,203500.0
2015-12-08,134577.0,200105.0
2015-12-09,134577.0,197660.0
2015-12-10,134577.0,197505.0
2015-12-11,134577.0,195757.0
2015-12-14,134577.0,198040.0
2015-12-15,134577.0,202440.0
2015-12-16,134577.0,203800.0
2015-12-17,134577.0,201000.0
2015-12-18,134577.0,194720.0
2015-12-21,134577.0,196801.0
2015-12-22,134577.0,199680.0
2015-12-23,134577.0,200000.0
2015-12-24,134577.0,201137.0
2015-12-28,134577.0,199876.0
2015-12-29,134577.0,200050.0
2015-12-30,134577.0,200081.0
2015-12-31,134577.0,197800.0
2016-01-04,134577.0,196295.0
2016-01-05,134577.0,197000.0
2016-01-06,134577.0,197415.0
2016-01-07,134577.0,195580.0
2016-01-08,134577.0,193900.0
2016-01-11,134577.0,193060.0
2016-01-12,134577.0,194000.0
2016-01-13,134577.0,190500.0
2016-01-14,134577.0,192250.0
2016-01-15,134577.0,190000.0
2016-01-19,134577.0,191700.0
2016-01-20,134577.0,188470.0
2016-01-21,134577.0,189455.0
2016-01-22,134577.0,191396.0
2016-01-25,134577.0,187001.0
2016-01-26,134577.0,189640.0
2016-01-27,134577.0,189091.0
2016-01-28,134577.0,188300.0
2016-01-29,134577.0,194360.0
2016-02-01,133497.0,194759.0
2016-02-02,133497.0,189902.0
2016-02-03,133497.0,189861.0
2016-02-04,133497.0,192200.0
2016-02-05,133497.0,190820.0
2016-02-08,133497.0,191255.0
2016-02-09,133497.0,192635.0
2016-02-10,133497.0,190520.0
2016-02-11,133497.0,190000.0
2016-02-12,133497.0,193999.0
2016-02-16,133497.0,193465.0
2016-02-17,134577.0,195903.0
2016-02-18,134577.0,196025.0
2016-02-19,134577.0,197310.0
2016-02-22,134577.0,198650.0
2016-02-23,134577.0,196502.0
2016-02-24,134577.0,196511.0
2016-02-25,134577.0,198899.0
2016-02-26,134577.0,198191.0
2016-02-29,134577.0,202555.0
2016-03-01,134577.0,205500.0
2016-03-02,134577.0,205500.0
2016-03-03,134577.0,206000.0
2016-03-04,136357.0,207945.0
2016-03-07,136357.0,208500.0
2016-03-08,136357.0,207989.0
2016-03-09,136357.0,209250.0
2016-03-10,136357.0,209120.0
2016-03-11,136357.0,211600.0
2016-03-14,136357.0,210300.0
2016-03-15,136357.0,211070.0
2016-03-16,136357.0,210200.0
2016-03-17,136357.0,213600.0
2016-03-18,136357.0,213330.0
2016-03-21,136357.0,213300.0
2016-03-22,136357.0,213400.0
2016-03-23,136357.0,211370.0
2016-03-24,136357.0,210530.0
2016-03-28,136357.0,212125.0
2016-03-29,136357.0,212800.0
2016-03-30,136357.0,214035.0
2016-03-31,136357.0,213450.0
2016-04-01,136357.0,215740.0
2016-04-04,136357.0,215060.0
2016-04-05,136357.0,212340.0
2016-04-06,136357.0,212990.0
2016-04-07,136357.0,211401.0
2016-04-08,134577.0,211705.0
2016-04-11,134577.0,211660.0
2016-04-12,134577.0,213700.0
2016-04-13,134577.0,216130.0
2016-04-14,134577.0,215600.0
2016-04-15,134577.0,215110.0
2016-04-18,134577.0,216650.0
2016-04-19,134577.0,219000.0
2016-04-20,134577.0,218928.0
2016-04-21,134577.0,217460.0
2016-04-22,134577.0,219038.0
2016-04-25,134577.0,219278.0
2016-04-26,134577.0,220340.0
2016-04-27,134577.0,221430.0
2016-04-28,134577.0,219120.0
2016-04-29,134577.0,219000.0
2016-05-02,134577.0,220253.0
2016-05-03,134577.0,217354.0
2016-05-04,134577.0,216515.0
2016-05-05,134577.0,215880.0
2016-05-06,134577.0,217000.0
2016-05-09,134577.0,214430.0
2016-05-10,134577.0,216975.0
2016-05-11,134577.0,214468.0
2016-05-12,136357.0,214860.0
2016-05-13,136357.0,212140.0
2016-05-16,134577.0,212530.0
2016-05-17,134577.0,210695.0
2016-05-18,134577.0,212200.0
2016-05-19,134577.0,211180.0
2016-05-20,134577.0,212833.0
2016-05-23,134577.0,212210.0
2016-05-24,134577.0,215650.0
2016-05-25,134577.0,216185.0
2016-05-26,134577.0,214600.0
2016-05-27,134577.0,214303.0
2016-05-31,134577.0,211695.0
2016-06-01,134577.0,212360.0
2016-06-02,134577.0,212355.0
2016-06-03,134577.0,211615.0
2016-06-06,133497.0,212880.0
2016-06-07,133497.0,212210.0
2016-06-08,134577.0,213500.0
2016-06-09,134577.0,213210.0
2016-06-10,134577.0,212622.0
2016-06-13,134577.0,211450.0
2016-06-14,134577.0,212070.0
2016-06-15,134577.0,210050.0
2016-06-16,134577.0,213000.0
2016-06-17,134577.0,211200.0
2016-06-20,134577.0,212630.0
2016-06-21,134577.0,215420.0
2016-06-22,134577.0,216266.0
2016-06-23,134577.0,218850.0
2016-06-24,134577.0,209852.0
2016-06-27,134577.0,208000.0
2016-06-28,134577.0,210400.0
2016-06-29,134577.0,212645.0
2016-06-30,134577.0,216975.0
2016-07-01,134577.0,216298.0
2016-07-05,134577.0,212960.0
2016-07-06,134577.0,213620.0
2016-07-07,134577.0,212501.0
2016-07-08,134577.0,214720.0
2016-07-11,134577.0,215824.0
2016-07-12,134577.0,217050.0
2016-07-13,134577.0,218950.0
2016-07-14,134577.0,218591.0
2016-07-15,134577.0,218990.0
2016-07-18,134577.0,219900.0
2016-07-19,134577.0,220265.0
2016-07-20,134577.0,219187.0
2016-07-21,134577.0,216315.0
2016-07-22,134577.0,216805.0
2016-07-25,134577.0,216005.0
2016-07-26,134577.0,216400.0
2016-07-27,134577.0,216300.0
2016-07-28,134577.0,216660.0
2016-07-29,134577.0,216000.0
2016-08-01,134577.0,215960.0
2016-08-02,134577.0,214900.0
2016-08-03,136357.0,215300.0
2016-08-04,136357.0,214830.0
2016-08-05,134577.0,218010.0
2016-08-08,134577.0,218300.0
2016-08-09,134577.0,220605.0
2016-08-10,134577.0,220000.0
2016-08-11,134577.0,221890.0
2016-08-12,134577.0,221750.0
2016-08-15,134577.0,221995.0
2016-08-16,134577.0,220805.0
2016-08-17,134577.0,223890.0
2016-08-18,134577.0,223200.0
2016-08-19,134577.0,223040.0
2016-08-22,134577.0,222446.0
2016-08-23,134577.0,223500.0
2016-08-24,134577.0,222824.0
2016-08-25,134577.0,222999.0
2016-08-26,134577.0,222040.0
2016-08-29,134577.0,223400.0
2016-08-30,134577.0,224850.0
2016-08-31,134577.0,225760.0
2016-09-01,136357.0,225350.0
2016-09-02,136357.0,226050.0
2016-09-06,136357.0,225849.0
2016-09-07,136357.0,224230.0
2016-09-08,136357.0,224740.0
2016-09-09,134577.0,220110.0
2016-09-12,134577.0,223520.0
2016-09-13,134577.0,219150.0
2016-09-14,134577.0,218610.0
2016-09-15,134577.0,220339.0
2016-09-16,134577.0,218400.0
2016-09-19,134577.0,218000.0
2016-09-20,134577.0,217870.0
2016-09-21,134577.0,219440.0
2016-09-22,134577.0,220000.0
2016-09-23,134577.0,217750.0
2016-09-26,134577.0,216160.0
2016-09-27,134577.0,217960.0
2016-09-28,134577.0,217695.0
2016-09-29,134577.0,215300.0
2016-09-30,134577.0,216220.0
2016-10-03,134577.0,215700.0
2016-10-04,134577.0,214520.0
2016-10-05,134577.0,216300.0
2016-10-06,134577.0,215860.0
2016-10-07,134577.0,216640.0
2016-10-10,134577.0,217730.0
2016-10-11,134577.0,215920.0
2016-10-12,134577.0,217230.0
2016-10-13,134577.0,214660.0
2016-10-14,134577.0,216370.0
2016-10-17,134577.0,216225.0
2016-10-18,134577.0,216300.0
2016-10-19,134577.0,217350.0
2016-10-20,134577.0,216975.0
2016-10-21,134577.0,215600.0
2016-10-24,134577.0,215500.0
2016-10-25,134577.0,215250.0
2016-10-26,134577.0,215840.0
2016-10-27,134577.0,216820.0
2016-10-28,134577.0,216200.0
2016-10-31,134577.0,215700.0
2016-11-01,134577.0,215370.0
2016-11-02,134577.0,214900.0
2016-11-03,134577.0,215001.0
2016-11-04,134577.0,214545.0
2016-11-07,134577.0,220303.0
2016-11-08,134577.0,221485.0
2016-11-09,134577.0,227135.0
2016-11-10,134577.0,233750.0
2016-11-11,134577.0,234860.0
2016-11-14,134577.0,236650.0
2016-11-15,134577.0,236000.0
2016-11-16,134577.0,235470.0
2016-11-17,134577.0,237550.0
2016-11-18,134577.0,236391.0
2016-11-21,134577.0,237500.0
2016-11-22,134577.0,237801.0
2016-11-23,134577.0,237070.0
2016-11-25,134577.0,237085.0
2016-11-28,134577.0,235400.0
2016-11-29,136357.0,236391.0
2016-11-30,136357.0,237000.0
2016-12-01,136357.0,239821.0
2016-12-02,137940.0,239070.0
2016-12-05,137940.0,240000.0
2016-12-06,137940.0,241836.0
2016-12-07,137940.0,246380.0
2016-12-08,136357.0,246120.0
2016-12-09,136357.0,247190.0
2016-12-12,136357.0,248889.0
2016-12-13,136357.0,249711.0
2016-12-14,136357.0,247120.0
2016-12-15,134577.0,248271.0
2016-12-16,134577.0,246405.0
2016-12-19,134577.0,248330.0
2016-12-20,134577.0,249041.0
2016-12-21,134577.0,248631.0
2016-12-22,134577.0,249000.0
2016-12-23,134577.0,248000.0
2016-12-27,134577.0,247300.0
2016-12-28,136357.0,245330.0
2016-12-29,136357.0,244500.0
2016-12-30,136357.0,244121.0
2017-01-03,136357.0,245850.0
2017-01-04,136357.0,246600.0
2017-01-05,136357.0,244852.0
2017-01-06,136357.0,245394.0
2017-01-09,134577.0,243111.0
2017-01-10,134577.0,242077.0
2017-01-11,134577.0,243160.0
2017-01-12,134577.0,242850.0
2017-01-13,134577.0,242500.0
2017-01-17,134577.0,239166.0
2017-01-18,134577.0,240700.0
2017-01-19,134577.0,239120.0
2017-01-20,134577.0,240280.0
2017-01-23,134577.0,238100.0
2017-01-24,134577.0,240940.0
2017-01-25,134577.0,246340.0
2017-01-26,134577.0,247640.0
2017-01-27,134577.0,247000.0
2017-01-30,134577.0,246500.0
2017-01-31,134577.0,245980.0
2017-02-01,134577.0,245430.0
2017-02-02,134577.0,244330.0
2017-02-03,134577.0,245646.0
2017-02-06,134577.0,244825.0
2017-02-07,134577.0,244260.0
2017-02-08,134577.0,244151.0
2017-02-09,134577.0,246000.0
2017-02-10,134577.0,246000.0
2017-02-13,134577.0,248340.0
2017-02-14,134577.0,250419.0
2017-02-15,134577.0,250990.0
2017-02-16,134577.0,251500.0
2017-02-17,134577.0,252838.0
2017-02-21,136357.0,253690.0
2017-02-22,134577.0,254151.0
2017-02-23,134577.0,254900.0
2017-02-24,134577.0,255040.0
2017-02-27,134577.0,255795.0
2017-02-28,134577.0,257100.0
2017-03-01,134577.0,266013.0
2017-03-02,134577.0,263600.0
2017-03-03,134577.0,263160.0
2017-03-06,134577.0,262800.0
2017-03-07,134577.0,262860.0
2017-03-08,134577.0,262350.0
2017-03-09,134577.0,262866.0
2017-03-10,134577.0,262491.0
2017-03-13,134577.0,262990.0
2017-03-14,134577.0,261900.0
2017-03-15,134577.0,261787.0
2017-03-16,136357.0,260919.0
2017-03-17,136357.0,258952.0
2017-03-20,136357.0,258000.0
2017-03-21,136357.0,253651.0
2017-03-22,136357.0,253880.0
2017-03-23,134577.0,254702.0
2017-03-24,134577.0,252301.0
2017-03-27,134577.0,250881.0
2017-03-28,134577.0,252520.0
2017-03-29,134577.0,249761.0
2017-03-30,134577.0,251800.0
2017-03-31,134577.0,249850.0
2017-04-03,134577.0,250600.0
2017-04-04,134577.0,250550.0
2017-04-05,134577.0,248900.0
2017-04-06,134577.0,250290.0
2017-04-07,134577.0,249465.0
2017-04-10,134577.0,250399.0
2017-04-11,134577.0,248601.0
2017-04-12,134577.0,247930.0
2017-04-13,133497.0,245000.0
2017-04-17,133497.0,246700.0
2017-04-18,133497.0,245750.0
2017-04-19,133497.0,244047.0
2017-04-20,133497.0,247200.0
2017-04-21,133497.0,245550.0
2017-04-24,134577.0,248850.0
2017-04-25,134577.0,251231.0
2017-04-26,134577.0,251351.0
2017-04-27,134577.0,249950.0
2017-04-28,134577.0,247780.0
2017-05-01,134577.0,248270.0
2017-05-02,134577.0,249010.0
2017-05-03,134577.0,250000.0
2017-05-04,134577.0,249540.0
2017-05-05,134577.0,250000.0
2017-05-08,134577.0,247160.0
2017-05-09,134577.0,246000.0
2017-05-10,134577.0,245850.0
2017-05-11,134577.0,245240.0
2017-05-12,134577.0,245220.0
2017-05-15,134577.0,245800.0
2017-05-16,134577.0,245701.0
2017-05-17,134577.0,243110.0
2017-05-18,134577.0,242510.0
2017-05-19,134577.0,244910.0
2017-05-22,134577.0,247820.0
2017-05-23,134577.0,248121.0
2017-05-24,134577.0,247479.0
2017-05-25,134577.0,247850.0
2017-05-26,134577.0,248540.0
2017-05-30,134577.0,248101.0
2017-05-31,134577.0,248440.0
2017-06-01,134577.0,250000.0
2017-06-02,134577.0,249660.0
2017-06-05,134577.0,250000.0
2017-06-06,134577.0,249300.0
2017-06-07,134577.0,249621.0
2017-06-08,134577.0,250305.0
2017-06-09,134577.0,254965.0
2017-06-12,134577.0,255900.0
2017-06-13,134577.0,257200.0
2017-06-14,134577.0,257150.0
2017-06-15,134577.0,255596.0
2017-06-16,134577.0,256450.0
2017-06-19,134577.0,257320.0
2017-06-20,134577.0,255860.0
2017-06-21,134577.0,254400.0
2017-06-22,134577.0,252620.0
2017-06-23,134577.0,251800.0
2017-06-26,134577.0,251480.0
2017-06-27,134577.0,251310.0
2017-06-28,134577.0,254660.0
2017-06-29,134577.0,253901.0
2017-06-30,134577.0,254700.0
2017-07-03,134577.0,257980.0
2017-07-05,136357.0,257500.0
2017-07-06,136357.0,255550.0
2017-07-07,136357.0,256780.0
2017-07-10,134577.0,255400.0
2017-07-11,134577.0,255500.0
2017-07-12,134577.0,256000.0
2017-07-13,134577.0,256000.0
2017-07-14,134577.0,256020.0
2017-07-17,134577.0,256200.0
2017-07-18,134577.0,256100.0
2017-07-19,134577.0,257500.0
2017-07-20,134577.0,257651.0
2017-07-21,134577.0,257645.0
2017-07-24,134577.0,257689.0
2017-07-25,134577.0,259410.0
2017-07-26,134577.0,259600.0
2017-07-27,134577.0,259709.0
2017-07-28,134577.0,261026.0
2017-07-31,134577.0,262786.0
2017-08-01,134577.0,264321.0
2017-08-02,134577.0,266730.0
2017-08-03,134577.0,268370.0
2017-08-04,134577.0,270000.0
2017-08-07,134577.0,266985.0
2017-08-08,134577.0,264566.0
2017-08-09,134577.0,267030.0
2017-08-10,134577.0,264601.0
2017-08-11,134577.0,263000.0
2017-08-14,134577.0,266370.0
2017-08-15,134577.0,266795.0
2017-08-16,134577.0,267856.0
2017-08-17,134577.0,267075.0
2017-08-18,134577.0,267377.0
2017-08-21,136357.0,268540.0
2017-08-22,136357.0,270960.0
2017-08-23,136357.0,270430.0
2017-08-24,136357.0,268565.0
2017-08-25,136357.0,269761.0
2017-08-28,134577.0,268035.0
2017-08-29,134577.0,268090.0
2017-08-30,134577.0,270420.0
2017-08-31,134577.0,271450.0
2017-09-01,134577.0,271062.0
2017-09-05,134577.0,265744.0
2017-09-06,134577.0,265420.0
2017-09-07,134577.0,260500.0
2017-09-08,134577.0,263600.0
2017-09-11,134577.0,266870.0
2017-09-12,134577.0,267911.0
2017-09-13,134577.0,268450.0
2017-09-14,134577.0,268322.0
2017-09-15,134577.0,270200.0
2017-09-18,134577.0,272480.0
2017-09-19,134577.0,274850.0
2017-09-20,134577.0,275630.0
2017-09-21,134577.0,274600.0
2017-09-22,134577.0,273139.0
2017-09-25,134577.0,273660.0
2017-09-26,134577.0,272800.0
2017-09-27,134577.0,274940.0
2017-09-28,134577.0,274770.0
2017-09-29,134577.0,274740.0
2017-10-02,134577.0,278010.0
2017-10-03,134577.0,278700.0
2017-10-04,134577.0,278670.0
2017-10-05,134577.0,280360.0
2017-10-06,134577.0,281000.0
2017-10-09,134577.0,281089.0
2017-10-10,134577.0,281950.0
2017-10-11,134577.0,281085.0
2017-10-12,134577.0,279383.0
2017-10-13,134577.0,280850.0
2017-10-16,134577.0,281960.0
2017-10-17,134577.0,281050.0
2017-10-18,134577.0,281290.0
2017-10-19,134577.0,280815.0
2017-10-20,134577.0,283353.0
2017-10-23,134577.0,284198.0
2017-10-24,134577.0,284570.0
2017-10-25,134577.0,283035.0
2017-10-26,134577.0,282810.0
2017-10-27,134577.0,281600.0
2017-10-30,134577.0,281940.0
2017-10-31,134577.0,280470.0
2017-11-01,134577.0,280000.0
2017-11-02,134577.0,283434.0
2017-11-03,134577.0,280470.0
2017-11-06,134577.0,280170.0
2017-11-07,134577.0,279361.0
2017-11-08,134577.0,276676.0
2017-11-09,134577.0,276556.0
2017-11-10,134577.0,275660.0
2017-11-13,134577.0,276347.0
2017-11-14,134577.0,274810.0
2017-11-15,134577.0,272730.0
2017-11-16,134577.0,272700.0
2017-11-17,134577.0,271410.0
2017-11-20,134577.0,272005.0
2017-11-21,134577.0,275000.0
2017-11-22,134577.0,275000.0
2017-11-24,134577.0,274417.0
2017-11-27,134577.0,276230.0
2017-11-28,134577.0,280440.0
2017-11-29,134577.0,284900.0
2017-11-30,134577.0,291500.0
2017-12-01,134577.0,291000.0
2017-12-04,134577.0,295490.0
2017-12-05,134577.0,294105.0
2017-12-06,134577.0,294146.0
2017-12-07,134577.0,294100.0
2017-12-08,134577.0,294385.0
2017-12-11,134577.0,295480.0
2017-12-12,134577.0,298630.0
2017-12-13,134577.0,296180.0
2017-12-14,134577.0,295815.0
2017-12-15,134577.0,296280.0
2017-12-18,134577.0,299360.0
2017-12-19,136357.0,296992.0
2017-12-20,136357.0,296500.0
2017-12-21,136357.0,298200.0
2017-12-22,136357.0,296400.0
2017-12-26,136357.0,296370.0
2017-12-27,136357.0,298120.0
2017-12-28,136357.0,299210.0
2017-12-29,136357.0,297600.0
2018-01-02,136357.0,295755.0
2018-01-03,136357.0,299905.0
2018-01-04,134577.0,300516.0
2018-01-05,134577.0,301525.0
2018-01-08,134577.0,304180.0
2018-01-09,134577.0,304500.0
2018-01-10,134577.0,308350.0
2018-01-11,134577.0,309950.0
2018-01-12,134577.0,315225.0
2018-01-16,134577.0,315261.0
2018-01-17,134577.0,321469.0
2018-01-18,134577.0,320000.0
2018-01-19,134577.0,320238.0
2018-01-22,134577.0,324064.0
2018-01-23,134577.0,322885.0
2018-01-24,134577.0,323480.0
2018-01-25,134577.0,322850.0
2018-01-26,134577.0,325915.0
2018-01-29,134577.0,323500.0
2018-01-30,134577.0,323000.0
2018-01-31,134577.0,323375.0
2018-02-01,136357.0,325900.0
2018-02-02,136357.0,314340.0
2018-02-05,136357.0,295600.0
2018-02-06,136357.0,303000.0
2018-02-07,136357.0,301000.0
2018-02-08,136357.0,288000.0
2018-02-09,134577.0,294140.0
2018-02-12,134577.0,298940.0
2018-02-13,136357.0,297500.0
2018-02-14,136357.0,301005.0
2018-02-15,134577.0,305999.0
2018-02-16,136357.0,306000.0
2018-02-20,134577.0,304904.0
2018-02-21,134577.0,301530.0
2018-02-22,134577.0,301404.0
2018-02-23,134577.0,304020.0
2018-02-26,134577.0,316126.0
2018-02-27,133497.0,314345.0
2018-02-28,133497.0,310250.0
2018-03-01,133497.0,302946.0
2018-03-02,133497.0,303100.0
2018-03-05,133497.0,304500.0
2018-03-06,133497.0,307005.0
2018-03-07,133497.0,306756.0
2018-03-08,133497.0,307700.0
2018-03-09,134577.0,319600.0
2018-03-12,134577.0,317746.0
2018-03-13,134577.0,314039.0
2018-03-14,134577.0,310655.0
2018-03-15,134577.0,311601.0
2018-03-16,134577.0,310630.0
2018-03-19,134577.0,305980.0
2018-03-20,134577.0,307100.0
2018-03-21,134577.0,307600.0
2018-03-22,134577.0,296949.0
2018-03-23,134577.0,288755.0
2018-03-26,134577.0,299500.0
2018-03-27,134577.0,294650.0
2018-03-28,134577.0,295041.0
2018-03-29,134577.0,299100.0
2018-04-02,134577.0,293410.0
2018-04-03,134577.0,296850.0
2018-04-04,134577.0,299850.0
2018-04-05,134577.0,301750.0
2018-04-06,134577.0,294000.0
2018-04-09,134577.0,292671.0
2018-04-10,134577.0,296556.0
2018-04-11,134577.0,293249.0
2018-04-12,134577.0,297021.0
2018-04-13,134577.0,295891.0
2018-04-16,133497.0,297181.0
2018-04-17,133497.0,298701.0
2018-04-18,133497.0,299205.0
2018-04-19,133497.0,300300.0
2018-04-20,134577.0,300140.0
2018-04-23,134577.0,298821.0
2018-04-24,134577.0,295734.0
2018-04-25,134577.0,295279.0
2018-04-26,134577.0,295769.0
2018-04-27,134577.0,295995.0
2018-04-30,134577.0,290650.0
2018-05-01,134577.0,292730.0
2018-05-02,134577.0,290450.0
2018-05-03,134577.0,287051.0
2018-05-04,134577.0,292600.0
2018-05-07,134577.0,295600.0
2018-05-08,134577.0,295700.0
2018-05-09,134577.0,299991.0
2018-05-10,134577.0,301630.0
2018-05-11,134577.0,298770.0
2018-05-14,134577.0,298200.0
2018-05-15,134577.0,296200.0
2018-05-16,134577.0,296300.0
2018-05-17,134577.0,296440.0
2018-05-18,134577.0,294380.0
2018-05-21,134577.0,296620.0
2018-05-22,134577.0,296991.0
2018-05-23,134577.0,294400.0
2018-05-24,134577.0,291850.0
2018-05-25,134577.0,290886.0
2018-05-29,134577.0,286000.0
2018-05-30,134577.0,292000.0
2018-05-31,134577.0,287200.0
2018-06-01,134577.0,289200.0
2018-06-04,134577.0,288000.0
2018-06-05,134577.0,286700.0
2018-06-06,134577.0,290722.0
2018-06-07,134577.0,292900.0
2018-06-08,134577.0,294055.0
2018-06-11,134577.0,292770.0
2018-06-12,134577.0,293005.0
2018-06-13,134577.0,292769.0
2018-06-14,134577.0,289670.0
2018-06-15,134577.0,287626.0
2018-06-18,134577.0,287600.0
2018-06-19,134577.0,286700.0
2018-06-20,134577.0,285000.0
2018-06-21,134577.0,285000.0
2018-06-22,134577.0,286541.0
2018-06-25,134577.0,284640.0
2018-06-26,134577.0,284500.0
2018-06-27,134577.0,281600.0
2018-06-28,134577.0,284920.0
2018-06-29,134577.0,282040.0
2018-07-02,134577.0,283800.0
2018-07-03,134577.0,282000.0
2018-07-05,134577.0,283635.0
2018-07-06,134577.0,283700.0
2018-07-09,134577.0,286720.0
2018-07-10,134577.0,286385.0
2018-07-11,134577.0,288481.0
2018-07-12,134577.0,288000.0
2018-07-13,134577.0,290000.0
2018-07-16,134577.0,289000.0
2018-07-17,134577.0,288500.0
2018-07-18,134577.0,303210.0
2018-07-19,134577.0,299000.0
2018-07-20,134577.0,299380.0
2018-07-23,134577.0,300230.0
2018-07-24,134577.0,300400.0
2018-07-25,134577.0,299816.0
2018-07-26,134577.0,300501.0
2018-07-27,134577.0,302000.0
2018-07-30,134577.0,303432.0
2018-07-31,134577.0,301550.0
2018-08-01,134577.0,301200.0
2018-08-02,134577.0,301160.0
2018-08-03,134577.0,304671.0
2018-08-06,134577.0,311806.0
2018-08-07,136357.0,315600.0
2018-08-08,136357.0,315300.0
2018-08-09,136357.0,315100.0
2018-08-10,136357.0,312000.0
2018-08-13,136357.0,310230.0
2018-08-14,136357.0,310815.0
2018-08-15,134577.0,309050.0
2018-08-16,134577.0,313000.0
2018-08-17,134577.0,313465.0
2018-08-20,134577.0,314060.0
2018-08-21,134577.0,313725.0
2018-08-22,134577.0,312400.0
2018-08-23,134577.0,311983.0
2018-08-24,134577.0,312850.0
2018-08-27,134577.0,316200.0
2018-08-28,136357.0,317124.0
2018-08-29,136357.0,317505.0
2018-08-30,136357.0,317000.0
2018-08-31,134577.0,315800.0
2018-09-04,134577.0,317250.0
2018-09-05,134577.0,319920.0
2018-09-06,134577.0,320035.0
2018-09-07,134577.0,321700.0
2018-09-10,134577.0,322560.0
2018-09-11,134577.0,323242.0
2018-09-12,134577.0,322340.0
2018-09-13,134577.0,321575.0
2018-09-14,134577.0,324999.0
2018-09-17,134577.0,324575.0
2018-09-18,134577.0,327436.0
2018-09-19,134577.0,332000.0
2018-09-20,134577.0,333415.0
2018-09-21,134577.0,331336.0
2018-09-24,134577.0,327840.0
2018-09-25,134577.0,328500.0
2018-09-26,134577.0,324286.0
2018-09-27,134577.0,324731.0
2018-09-28,134577.0,320000.0
2018-10-01,134577.0,321930.0
2018-10-02,134577.0,322900.0
2018-10-03,134577.0,323878.0
2018-10-04,134577.0,327900.0
2018-10-05,134577.0,329500.0
2018-10-08,134577.0,333337.0
2018-10-09,134577.0,335630.0
2018-10-10,136357.0,319100.0
2018-10-11,134577.0,308000.0
2018-10-12,134577.0,310000.0
2018-10-15,134577.0,308000.0
2018-10-16,134577.0,314750.0
2018-10-17,134577.0,315200.0
2018-10-18,134577.0,313200.0
2018-10-19,134577.0,314477.0
2018-10-22,134577.0,309080.0
2018-10-23,134577.0,305100.0
2018-10-24,134577.0,299995.0
2018-10-25,134577.0,302231.0
2018-10-26,134577.0,296805.0
2018-10-29,134577.0,300000.0
2018-10-30,134577.0,305579.0
2018-10-31,134577.0,307705.0
2018-11-01,134577.0,308366.0
2018-11-02,134577.0,308411.0
2018-11-05,134577.0,323935.0
2018-11-06,134577.0,327050.0
2018-11-07,134577.0,331391.0
2018-11-08,134577.0,333200.0
2018-11-09,134577.0,329665.0
2018-11-12,134577.0,323040.0
2018-11-13,134577.0,326700.0
2018-11-14,134577.0,323700.0
2018-11-15,134577.0,326300.0
2018-11-16,134577.0,328350.0
2018-11-19,134577.0,326706.0
2018-11-20,134577.0,315970.0
2018-11-21,134577.0,316301.0
2018-11-23,134577.0,310340.0
2018-11-26,134577.0,316040.0
2018-11-27,136357.0,318696.0
2018-11-28,136357.0,325000.0
2018-11-29,136357.0,326481.0
2018-11-30,136357.0,326000.0
2018-12-03,136357.0,330921.0
2018-12-04,136357.0,315000.0
2018-12-06,136357.0,312000.0
2018-12-07,134577.0,307674.0
2018-12-10,134577.0,304600.0
2018-12-11,134577.0,303226.0
2018-12-12,134577.0,303600.0
2018-12-13,134577.0,303750.0
2018-12-14,133497.0,300320.0
2018-12-17,133497.0,297000.0
2018-12-18,133497.0,294500.0
2018-12-19,134577.0,293040.0
2018-12-20,134577.0,290100.0
2018-12-21,134577.0,288000.0
2018-12-24,134577.0,282640.0
2018-12-26,134577.0,294850.0
2018-12-27,134577.0,298500.0
2018-12-28,134577.0,302600.0
2018-12-31,134577.0,306000.0
2019-01-02,134577.0,304057.0
2019-01-03,134577.0,287000.0
2019-01-04,133497.0,292500.0
2019-01-07,133497.0,295400.0
2019-01-08,133497.0,294300.0
2019-01-09,133497.0,294560.0
2019-01-10,133497.0,295160.0
2019-01-11,133497.0,293980.0
2019-01-14,133497.0,292371.0
2019-01-15,133497.0,295000.0
2019-01-16,133497.0,295811.0
2019-01-17,134577.0,297547.0
2019-01-18,134577.0,306500.0
2019-01-22,134577.0,300531.0
2019-01-23,134577.0,301835.0
2019-01-24,134577.0,301680.0
2019-01-25,134577.0,303531.0
2019-01-28,134577.0,301000.0
2019-01-29,134577.0,303000.0
2019-01-30,134577.0,309180.0
2019-01-31,134577.0,311500.0
2019-02-01,134577.0,313875.0
2019-02-04,134577.0,312000.0
2019-02-05,134577.0,310700.0
2019-02-06,134577.0,308810.0
2019-02-07,134577.0,302813.0
2019-02-08,134577.0,300771.0
2019-02-11,134577.0,304884.0
2019-02-12,134577.0,309260.0
2019-02-13,134577.0,308320.0
2019-02-14,134577.0,303890.0
2019-02-15,134577.0,308139.0
2019-02-19,134577.0,307315.0
2019-02-20,136357.0,309500.0
2019-02-21,136357.0,307925.0
2019-02-22,136357.0,302000.0
2019-02-25,134577.0,303300.0
2019-02-26,134577.0,302500.0
2019-02-27,134577.0,303000.0
2019-02-28,134577.0,302200.0
2019-03-01,134577.0,304860.0
2019-03-04,134577.0,303400.0
2019-03-05,134577.0,302600.0
2019-03-06,134577.0,301375.0
2019-03-07,134577.0,299050.0
2019-03-08,134577.0,299000.0
2019-03-11,134577.0,303279.0
2019-03-12,134577.0,304235.0
2019-03-13,134577.0,306300.0
2019-03-14,134577.0,305350.0
2019-03-15,134577.0,307250.0
2019-03-18,134577.0,309996.0
2019-03-19,134577.0,307900.0
2019-03-20,134577.0,305505.0
2019-03-21,134577.0,307120.0
2019-03-22,134577.0,301225.0
2019-03-25,134577.0,299380.0
2019-03-26,134577.0,300961.0
2019-03-27,134577.0,299764.0
2019-03-28,134577.0,301250.0
2019-03-29,134577.0,301215.0
2019-04-01,134577.0,307800.0
2019-04-02,134577.0,306000.0
2019-04-03,134577.0,305750.0
2019-04-04,134577.0,306461.0
2019-04-05,134577.0,307776.0
2019-04-08,134577.0,307461.0
2019-04-09,134577.0,307380.0
2019-04-10,134577.0,307000.0
2019-04-11,134577.0,309875.0
2019-04-12,134577.0,314250.0
2019-04-15,134577.0,314500.0
2019-04-16,134577.0,317500.0
2019-04-17,134577.0,316040.0
2019-04-18,134577.0,315330.0
2019-04-22,134577.0,314100.0
2019-04-23,134577.0,317684.0
2019-04-24,134577.0,316000.0
2019-04-25,134577.0,318500.0
2019-04-26,134577.0,321000.0
2019-04-29,134577.0,324921.0
2019-04-30,134577.0,325080.0
2019-05-01,134577.0,325900.0
2019-05-02,134577.0,324214.0
2019-05-03,134577.0,327766.0
2019-05-06,134577.0,320000.0
2019-05-07,134577.0,315120.0
2019-05-08,134577.0,314750.0
2019-05-09,134577.0,314400.0
2019-05-10,134577.0,315500.0
2019-05-13,134577.0,308360.0
2019-05-14,134577.0,306850.0
2019-05-15,134577.0,305580.0
2019-05-16,134577.0,307936.0
2019-05-17,134577.0,306355.0
2019-05-20,134577.0,305362.0
2019-05-21,134577.0,306225.0
2019-05-22,134577.0,304300.0
2019-05-23,134577.0,304115.0
2019-05-24,134577.0,303000.0
2019-05-28,134577.0,301050.0
2019-05-29,134577.0,299860.0
2019-05-30,134577.0,300877.0
2019-05-31,134577.0,297060.0
2019-06-03,134577.0,299742.0
2019-06-04,133497.0,304000.0
2019-06-05,133497.0,306400.0
2019-06-06,133497.0,307900.0
2019-06-07,134577.0,309265.0
2019-06-10,134577.0,311524.0
2019-06-11,134577.0,310238.0
2019-06-12,134577.0,307196.0
2019-06-13,134577.0,307445.0
2019-06-14,134577.0,308206.0
2019-06-17,134577.0,305480.0
2019-06-18,134577.0,308885.0
2019-06-19,134577.0,310966.0
2019-06-20,134577.0,312900.0
2019-06-21,134577.0,309000.0
2019-06-24,134577.0,310650.0
2019-06-25,134577.0,312700.0
2019-06-26,134577.0,312705.0
2019-06-27,134577.0,318285.0
2019-06-28,134577.0,318350.0
2019-07-01,134577.0,321891.0
2019-07-02,134577.0,321515.0
2019-07-03,134577.0,322900.0
2019-07-05,134577.0,323149.0
2019-07-08,134577.0,322451.0
2019-07-09,134577.0,322200.0
2019-07-10,134577.0,320591.0
2019-07-11,134577.0,319837.0
2019-07-12,134577.0,321093.0
2019-07-15,134577.0,320300.0
2019-07-16,134577.0,319273.0
2019-07-17,134577.0,311600.0
2019-07-18,134577.0,312003.0
2019-07-19,134577.0,309218.0
2019-07-22,134577.0,307135.0
2019-07-23,134577.0,309340.0
2019-07-24,134577.0,312000.0
2019-07-25,134577.0,310750.0
2019-07-26,134577.0,315000.0
2019-07-29,134577.0,313529.0
2019-07-30,134577.0,312430.0
2019-07-31,134577.0,308666.0
2019-08-01,134577.0,303660.0
2019-08-02,134577.0,306000.0
2019-08-05,134577.0,297785.0
2019-08-06,134577.0,302325.0
2019-08-07,134577.0,299182.0
2019-08-08,133497.0,301905.0
2019-08-09,133497.0,300435.0
2019-08-12,133497.0,298001.0
2019-08-13,133497.0,299510.0
2019-08-14,134577.0,295000.0
2019-08-15,134577.0,298067.0
2019-08-16,134577.0,300555.0
2019-08-19,134577.0,301414.0
2019-08-20,134577.0,297505.0
2019-08-21,134577.0,299305.0
2019-08-22,134577.0,302260.0
2019-08-23,134577.0,296922.0
2019-08-26,134577.0,300899.0
2019-08-27,134577.0,298420.0
2019-08-28,134577.0,300990.0
2019-08-29,134577.0,305040.0
2019-08-30,134577.0,303078.0
